# seeded random scenario -- seed=42, count=500, speed=[120,240]
# world x[0,2500) y[0,1500) z[-500,500)  -- MUST match the controller's WORLD_MIN/MAX
# id, x, y, z, vx, vy, vz, pitch
1,1862.3732790908934,950.20520715076429,242.05939271810553,15.887939893326859,-86.487755959064174,-141.7763253033223,0
2,79.718650716835498,784.13604812304948,177.86043525359867,-130.78902638632402,178.28760476696439,74.983024841783291,0
3,1857.724425193343,676.4391490767988,-435.06910327585189,-36.115504588246978,-169.44306904560551,10.104913206315979,0
4,1905.2451779519099,206.42605142659352,235.35888776925458,-117.65036330829909,148.75236617983103,-104.46046256732544,0
5,154.44195845830581,1363.5875891630858,233.90270066838832,-110.90900788177852,-46.009606111521528,132.29869555782142,0
6,558.0599477980212,904.34119417997692,-6.6471540975719563,-128.65890302459121,91.161617925910804,-63.311991441997826,0
7,1092.8426935744887,161.91933274913927,-408.729495503198,-13.3573964933813,190.35712552500488,14.729561076959859,0
8,1535.6947306018822,860.59801204665621,346.81627313562399,-1.5964684435452245,178.50601334857114,-13.386771707238633,0
9,1117.0613440048985,476.4406556632095,-194.83134384450716,-188.94656238400447,31.869801287035855,-64.957798191906079,0
10,1799.8295271873324,967.03201474428874,303.60791779361853,134.13377725952517,78.807905133557668,148.77857790401859,0
11,1016.1407891767801,1378.7248183641277,-146.14713948850641,65.088639406714776,-54.813025343271818,-106.91163040531109,0
12,1549.1990016021825,883.51972139404222,20.747385381026163,143.3023147312542,-77.327365362543432,19.80669501404272,0
13,1814.8120596874803,910.9309167844109,-100.31015786666404,50.677963029806392,91.051577112861224,85.610482754078333,0
14,1940.0366560567663,368.035162776204,-391.26135039842177,-112.58785469699791,-5.1407746460360482,71.689530884812513,0
15,1711.8537747147739,213.20428243526243,211.33041288346203,-151.0588622413654,109.88195605321644,99.813422633031507,0
16,1630.9444984200852,1302.0858799350653,-416.98175421695373,-44.107752072554199,-125.16361537502115,-106.21183325854625,0
17,435.38662437822001,1256.470023897735,-13.572558002807796,150.06374518495687,-98.399144532416997,-135.92285932837748,0
18,1950.6987263976298,1330.7049063331531,340.70072969830198,-9.5287784315570434,-64.271403400133636,146.14171396489306,0
19,906.29288475666851,1044.2692841036558,-155.09624578376713,-109.68884594718278,79.167553405715978,-99.716740485574164,0
20,910.19501203434731,774.12026992399217,164.73621041025956,23.296492838244362,1.4437320854338804,181.23991788199811,0
21,1003.5276635952072,1170.0648989569929,-299.89154691359204,58.534384759611982,-161.45832337993565,-7.2366638521526596,0
22,1185.8222402950059,343.49644824632554,94.313646872910113,-9.1769293633354909,-22.65837497041969,-152.93101497294739,0
23,1136.0060290517799,476.89917196569581,-202.5308049023248,153.04386687210214,-53.647109116810867,1.3196643032222066,0
24,1882.4659761175578,648.2960083420943,-288.60491788775471,-136.31720035392149,-148.75354989510731,-105.98524788528658,0
25,1963.6109343543351,618.22155665027628,-383.17068697890602,77.377372453755044,29.030792725441913,-177.60589589866106,0
26,1427.6696468969694,286.5035854195234,373.04357584541754,-25.482885799775683,-135.9115781504569,-18.48426868361204,0
27,2234.4469641236951,685.41709790382947,303.78557465611732,-90.729692739108842,-104.12589032736268,-38.292672953919812,0
28,627.38582464977151,1296.0616786291168,-53.601944297080763,-58.189202802326285,-96.888338614935591,-83.949612057589391,0
29,430.60101712477058,206.76107608462866,-277.63812489570563,-11.182896203158126,68.276819208253841,-116.50591627674,0
30,1009.6602817410744,315.05081055297387,-324.61603114818013,-53.83239352130947,172.06367193425754,-82.123029556078862,0
31,831.97354338957575,1363.7423488457262,-106.81915093198154,16.250239567577722,187.90290125482298,135.38641411960339,0
32,480.95565181438951,641.96327591606109,313.60508734087216,-180.29673983124965,-107.80363265179862,36.755291118461891,0
33,1568.4962763544813,1338.6419487019557,-258.6538482019688,-38.555421453626167,49.834031711203359,-184.93543293994378,0
34,2267.4155054241055,1072.7211159681628,-206.35636835596893,-144.31447520669556,-47.336920886074807,-59.837634567994307,0
35,191.95829353691263,252.71427055313643,-437.3785018082956,-5.912804182354602,-58.992236794148418,127.77494439636742,0
36,1705.8417437371043,1166.5757928451935,11.156622494962846,-180.67300308832364,32.431730884784209,5.9367371335988013,0
37,457.60362173837376,1092.9872259140348,-380.69284842580959,72.945765512680353,5.9878956082871104,117.09909404057098,0
38,2404.5255468965497,182.29611426006224,-335.73931622647365,47.922626585793722,-22.382320494711621,197.36066290060498,0
39,2375.6300226869384,699.28810634294985,-451.31229597078823,12.929403483853498,35.936325155311664,-126.73522873971115,0
40,414.62574296126451,1309.7495902590697,-334.23831004150691,-36.164768191228298,-134.82939119958712,-100.44600639960906,0
41,1527.5866280344401,579.19682507155449,108.09983020696268,67.423910682098992,-31.643300145403618,102.05416222649279,0
42,344.7110112959042,536.69273009901644,393.40343678435465,174.49037120322942,-12.516106382082745,-164.20689537426884,0
43,2059.687937888722,1209.2430706120313,80.392200142754518,74.377248456254478,-9.7536345958365107,98.898038184605468,0
44,2226.7078451566467,1176.8979797654185,-322.53670932859671,167.50935768850186,36.78730502730437,-146.00419280195226,0
45,1392.1010767453552,106.67003132701387,453.95475340693338,19.008583209374539,207.83802173591749,-70.081915544871634,0
46,2266.2324494076265,222.73335047058856,-402.68947967199693,-73.051513253291631,-105.82362884422426,25.323767252258992,0
47,1636.9282895362167,784.46634176222096,-106.81744922139171,49.670147391183889,203.32608200705764,-2.7091482681809125,0
48,2067.1545353436504,278.88284916804429,1.7343928500029051,-112.4762593250064,-123.95048651417034,17.918481336516543,0
49,1984.9002771896728,128.39452407171268,426.81329153982142,-187.89085797936062,-33.969843086217281,-20.163163287540669,0
50,1808.7900896227288,1270.7640477567729,-37.796001937918504,53.94945203977106,-59.717894741824523,-106.6438359259284,0
51,2020.4428122355698,567.47873972575599,-331.7105335103721,97.752456488834881,57.754568241404442,-70.950616610175999,0
52,1965.4468589108292,784.98532608955918,261.04610965204506,203.30907145464852,-1.8231742696152136,23.396530073696542,0
53,333.42431334316598,518.79712966093643,193.6514142123757,-78.788559387653834,122.0136112355262,-90.346061876889678,0
54,1390.645795720626,583.32014721622932,258.14799391129486,-92.503575187525755,134.51565218978948,-6.442075090323037,0
55,600.81380453476777,878.19952059142781,178.42521706359832,-0.89198764687329768,196.37896456756047,-43.820826981593349,0
56,729.90601433737947,311.01523579643282,159.76559956087715,-130.1150617370252,16.062395586507808,-8.2891520200704427,0
57,2275.8333069552987,467.85602949608091,314.3320745415956,127.9948082428014,52.517841999873511,34.165281459217589,0
58,251.51241717483364,558.84536254324553,-211.36754984948391,22.288372164665393,-83.154149380160248,-116.91506448449383,0
59,1983.2521376477609,685.18609357777621,-330.69425424629082,-144.51141818698818,-188.62441477348074,26.082728628333825,0
60,2319.3999491058466,1394.1849535973056,119.50727340673984,112.48371514876503,-25.880600992744405,97.776221469245272,0
61,1404.7491326798288,404.48257712593647,-70.691697259565728,-9.0033410683985977,183.3582949238469,-0.77744854294875643,0
62,1866.6854372566679,837.27286516786512,430.84913628513686,186.45556823265653,92.008967934980674,20.094284323648431,0
63,179.34342113949697,826.62663161369653,-185.79576504513534,145.60912571989456,53.321345809834014,121.84333058662715,0
64,326.27979168990561,163.92407926802525,326.98612742877856,-84.087256216308262,-115.53170392549562,181.51635423029163,0
65,2310.6282362691422,601.73820175036985,-6.2706470982373617,-118.21046834270263,-98.720833079585418,148.38954156913843,0
66,1697.1756100056825,183.84280496859941,132.19003262850003,188.78683709207638,19.794552212128618,-59.305692818808801,0
67,1621.673742985193,699.7571172492909,104.50490482493569,57.628271320170853,55.753046763882146,-166.26408592216293,0
68,498.44003149347071,1010.9764787822668,-376.02930443318058,-53.429179331094709,-178.8328736804834,-13.319593186768429,0
69,1765.1222533669609,189.43531472388537,-398.09488344138555,-143.21002177339042,-10.733253032876396,20.436840170552323,0
70,974.01850879806773,319.58556515670023,-105.60777015910264,47.66352187098714,-65.729771760209232,122.60151273068301,0
71,802.0552400409739,285.3491978697283,-6.4523485985768048,100.2478037322503,31.407673926388995,187.24823179713178,0
72,621.12668520264174,1123.5426732171934,200.10203447232504,-58.790383494637247,-0.50130046472217626,156.50811816397371,0
73,1590.567220059399,637.14704649622217,229.90026652282495,-2.6785729225163744,-13.602195089121976,-232.27952282020632,0
74,707.75927777906088,1017.89091322783,-348.25091069158191,-76.938338315749291,-154.35676980662305,-38.671080127506727,0
75,1301.0367598037501,137.88065210002651,-24.570282997814388,52.916253664441825,74.770736998490761,88.548534494024082,0
76,714.01534939078738,1308.8428384478348,-160.64718435206333,-76.62815580853686,-127.06098377851482,58.200660267458389,0
77,2368.409689738482,31.018054560386275,-117.83647831538116,121.37957394450528,105.12579971869178,90.535976746786019,0
78,358.1268209806081,804.00488600135873,198.60957327981839,118.81210835365756,170.64003344001767,9.5191215288168181,0
79,1623.9888640921811,1460.6959962225858,-46.588675168008763,-75.499632663959474,129.98779284664548,69.618940015954422,0
80,352.29174301218865,796.73478635069671,-30.387713077698606,-59.794351759193894,-153.42145314482457,42.370761010062687,0
81,1871.4976208305447,1270.6673788184394,-51.979255570050839,12.093740092140703,-86.754562075295027,-125.00769091260766,0
82,2026.7775653163987,403.68541019776666,152.151836816421,-83.579171684949515,-114.50862292725336,-134.4506571918993,0
83,1911.913625177642,1214.2669831904084,-449.94831421469416,-99.296958447731114,1.1444371963951312,-114.73836114366601,0
84,941.10447587470117,838.75540545497176,340.09711165504359,-100.43810804899256,70.917195638125889,30.598651722287098,0
85,1096.1442336240632,1282.7939244661652,-289.7122149893064,71.658489472374129,27.515077612522123,-129.22807299208046,0
86,827.7113397275931,1059.5370235927867,-25.387557534819962,86.698035421208274,157.65574875280103,-40.364698159735752,0
87,574.1640643668386,804.80346202029034,15.313157760418846,-62.466219353963041,180.64257007259235,-25.875045995331217,0
88,841.42170844222562,130.20735988508807,-255.94677467037513,-95.163707369777725,123.47509512842232,18.514786620634972,0
89,812.19917624675122,1441.7505816972862,67.92008932308454,-85.515386459780572,-97.585672827721552,44.755220829780342,0
90,1310.622475637213,276.63196305916176,284.97192821441149,-6.2518965871110215,115.63865877128231,-88.929976012394874,0
91,1146.5119062926378,379.79912528684827,-108.89863667841547,-112.689590313011,0.23942841227901301,174.27945516004635,0
92,309.64732887814944,1450.7576363498881,91.700905153073677,144.74794490105322,-22.3324127201899,-165.98837833415203,0
93,1531.5396472983464,319.32075165884442,-36.433979072908073,36.150757665593908,-69.033756899591779,200.9343998954692,0
94,1827.6318263977741,366.58231462954575,82.811675468409476,-129.01496844987037,53.495033358755208,107.08833179996429,0
95,1141.0570380896393,104.86276947921719,-458.23577408552961,123.02873769721997,165.40927264410288,36.309152293180354,0
96,272.13057007543523,247.27958237685243,-337.55768604860441,162.34146034527546,-23.155724402136258,-13.614639425136495,0
97,173.17137655186127,81.970905057029398,-33.249434885445226,43.412853802398892,-0.19437211412941371,-116.74205024918631,0
98,163.08574106114926,943.73428432245703,-163.02288714906899,108.15796466221207,-3.5565116870694586,-205.07956928833099,0
99,1113.9053832463767,1414.9944386919396,-153.92634259853293,-208.03919943874553,99.240677503676835,62.606118960006086,0
100,1604.7810681376679,1354.6581540758016,275.9351122995181,60.29342174927001,-191.80893265643789,29.158053031021755,0
101,352.22961365246795,259.60748727284977,-455.94468367856371,-106.59835264724622,-145.58341420127837,-11.553218964940353,0
102,2007.2454842229076,488.59298796020556,90.663404267197166,-138.7102744437579,107.75187879024585,-144.49857209975562,0
103,940.90226410072341,579.69534674217209,-280.40256088225499,-69.372132097241732,6.4511671616617754,199.85483057791529,0
104,1638.4334137141041,844.08630596579565,314.38466391015731,-154.21613558746398,145.88670853700623,9.2343760110171278,0
105,2373.1500842478404,1173.8908697810946,237.75239587486362,-3.7257717836616933,-159.54015955819477,174.69442983910565,0
106,1462.7634962534487,897.12995394306483,-52.170266261833547,127.14513102771647,3.7662478100945136,37.253305708907696,0
107,1237.1109904398156,1375.2469909784611,13.957884258872355,31.359420545502179,-101.07746667696505,94.044944347276271,0
108,2342.7146628586056,864.36290687874816,-347.97321339812663,-10.93168959866242,60.698684020040709,-128.93649683573156,0
109,952.782986971794,1421.4858888929771,90.35750187046915,91.039213695946017,-85.469744597146544,-50.261285272163889,0
110,1135.7801853128149,281.59222869481954,102.01957721326585,-72.128641205733757,56.960975671672358,150.32149508295817,0
111,742.78870211993478,901.7633671943463,393.40405227815597,-169.70940927934501,153.21644311658329,-3.9923270717162076,0
112,1794.6274655473721,376.61754386991009,-12.147238622742861,69.821871890443717,51.345206235519093,-124.54923820608944,0
113,2119.0976117154892,809.96702281360638,-3.8003375861039785,148.93172820110814,32.0020574694828,-168.77152338042146,0
114,472.63026036706486,997.38961324890317,75.701936135846381,-103.72097995812676,-72.214760410328779,142.20043941282512,0
115,696.07854866979358,780.49371479020033,-79.423167585945919,83.358556803747376,32.183699080682743,101.5256507810535,0
116,2378.8419099853645,1181.4993273335683,-332.70076636851678,14.950331184010848,133.28226319926983,47.96133988653159,0
117,1020.8521814944139,750.10735518302124,178.51713782098955,-96.085076437341286,-98.954647063971777,-7.4751744088284209,0
118,2120.8958976031004,425.50492340573641,-249.94818019259563,114.39494401981209,-156.05504097510186,-46.456058196071929,0
119,690.89072299244458,1440.6440653105296,-230.87709784672944,-188.10323759209371,-19.446366656803967,44.811591301564505,0
120,2261.6161742740292,806.65590824021263,-123.68862927849813,119.32521151526575,50.076680453786253,43.815150026415388,0
121,1126.0851403687934,910.95720024738239,-220.1295323009852,-68.985105118739625,-156.35765026972055,-76.285661450271093,0
122,1631.9204228244075,1170.4060790689473,434.61645558571217,-53.062210540155199,112.18393439781279,-74.574893385666499,0
123,347.93847118732981,1134.1854345470613,-92.951337208411189,88.126393045440011,139.75340317970594,59.263957832532391,0
124,297.73571631360642,911.0758940886999,417.22270767629254,-100.77268826031495,176.30399927439393,-3.8497287672281084,0
125,1755.3840199388471,786.23685653502014,364.6155103581666,-115.86883567660983,-61.265613353800561,-170.35344059275036,0
126,1157.3876785115394,860.8345956701063,-370.06967278508898,10.910893074458386,123.84728712545193,-87.302547473786902,0
127,1573.2766536850481,1229.4815263431142,340.66357636284147,-135.83101237906396,178.28199288538764,-54.208449676012513,0
128,1423.6063889324143,471.11618117876884,-287.74778749585107,58.280487457283094,-140.1872529233695,47.229640935606035,0
129,89.196604537283577,1317.7019627760383,-157.26353922028017,123.28171977779921,-169.78549400242602,-92.668322836154772,0
130,146.77642409206283,101.83463372938256,-466.175082951116,53.141874922695251,-75.486549044779721,203.54230880475848,0
131,258.57168977809215,1090.14722346032,-120.51416881928674,77.674242988313196,49.502762648310565,93.922122724955159,0
132,373.20571226151924,564.88396825892357,34.82540567640558,-141.66919094643978,38.283876143107925,-157.08203444608401,0
133,203.62946433899924,771.60789369509519,-322.33445099626954,28.833747741616737,63.111039285989243,-155.39140957064183,0
134,860.1724095947153,465.14302490608293,188.62445275285972,-12.07963828688319,83.241962242567908,94.237570800406601,0
135,1870.760448072037,1452.1186560087315,-7.1110805078435533,-76.656290496128548,124.37370377515919,126.94828183373379,0
136,157.79661552575908,373.1688878770521,263.13885975235905,-137.93917780303255,-88.284917756427248,52.577437975062317,0
137,657.53309130428056,1136.5735220421063,-340.27948534033163,38.107362256053122,18.446592929817516,-138.39439890653776,0
138,2365.5436319968953,144.9517118097861,81.407984608831839,59.072374311727479,131.33791727356373,-111.03110080216213,0
139,50.3268191354206,407.26161253427222,346.85193405908763,80.407680663374691,199.04874809573104,97.343498901511708,0
140,1792.9235982581397,821.73075660194377,-34.04349146525567,-0.19720277662485405,144.97356472634016,40.90793913691946,0
141,881.39672331499378,546.2744001515423,-44.277345515343086,162.52438302338513,138.03388489807696,-2.175113952978498,0
142,639.14940822092683,353.33634473854846,119.74783264961115,120.28488194314814,84.598732074223818,-31.931425706235849,0
143,1166.5373713482161,990.14326990658128,-72.543133488695219,167.35280970755875,25.633798533910007,-114.52676741730809,0
144,721.46424722832046,1102.3323879446946,478.68064942130832,-79.938366142600998,174.48707932808128,-10.330879900224222,0
145,607.83173653596214,1420.7295769650332,303.56027717076586,22.064924414503828,-17.486372425153146,-134.06303786743732,0
146,1631.4671205667448,1435.0160850270381,-142.01327543396565,61.06168917560246,90.967184486596196,156.67129016797463,0
147,2134.4274413196908,253.65367954831086,-221.48398368433664,81.907846311974708,-88.220204459360872,-59.23679102645022,0
148,2003.7009616891946,1303.4053170631892,-26.819048559825546,200.67364688970673,119.23918736567414,28.413962574838937,0
149,1257.2007002765163,305.75040515054832,-478.35242527840944,139.22526866923658,4.831765834574222,-14.809421744659174,0
150,972.17295769732777,137.21103871285945,393.83454788018594,-4.8328940409801477,211.4993415945344,39.271956561979607,0
151,1881.4305880637708,1130.2765009723064,126.58693119948271,-164.22131739733311,-146.57298260764352,-12.700785212318563,0
152,899.16388191696149,1448.6236942743885,-60.569275204499036,-30.628946513081488,-54.610801884894528,-109.16991512787696,0
153,2163.673228662718,939.47012465283194,-477.69121851337002,-96.406123854793421,-41.262707163292454,-141.89639809005894,0
154,1206.5184620782231,1076.9826331616448,-119.94135324268194,-124.43913284628519,22.251757276502129,80.903251325208473,0
155,2065.6069661575411,1057.5184997539259,243.34331960038946,89.674885198288194,-11.234988148353814,-151.94016420028413,0
156,126.03137343928458,262.41072524560889,28.914963441385964,-144.39891443169847,-91.442568387329032,64.487480721641816,0
157,1513.5215514843146,727.43392632051234,341.17106231538719,72.874419467797338,138.51952316564032,-41.345890939551985,0
158,1102.3709768047711,1105.5942924345168,128.21237352925721,-13.494831935675348,-29.448388511713283,-176.25251053100513,0
159,72.162424752547352,1202.7706992724086,-213.06815020035123,74.634399257102572,-45.58699472854169,199.43644757611838,0
160,2280.1906641771188,73.442021801949039,193.15178970175282,116.60581977085117,110.73369366687488,-161.84600987066537,0
161,1633.0454425849573,1401.8610849336371,-218.51854670965128,-168.75979290515963,113.51769293024182,6.5647732632458071,0
162,739.13988494498938,865.7981576406562,-391.50512634791954,20.869031650323262,158.52200639850869,-17.719605200411046,0
163,424.96202376170538,362.73235673937927,118.39633445718823,121.49637764301009,164.81517551214074,13.661177131092902,0
164,1723.2543848210942,566.42189964080546,-336.69727536989006,-0.75232607991262246,-143.7226108481741,56.368357700945509,0
165,1197.3894692421288,94.51279323278834,138.55222496948045,130.29591371496235,115.19094189205165,-158.04459073989239,0
166,2213.9873803854057,255.59860301444633,-427.21258470682017,-38.477758412122,105.41184120170263,-110.13247752608903,0
167,128.84539045529664,1276.9717973403363,469.26915357196299,193.42565627827918,-27.20607434805537,-49.966687764502453,0
168,1339.2748916816627,393.5850422406923,-226.65518976243899,-29.112054343680366,8.9718392583709221,162.95032015242754,0
169,1403.9411220826719,1227.8506491679898,424.63602042484865,-50.470881678831773,131.10514927286388,61.957283400015378,0
170,1138.9973510699774,1358.9564632759109,-70.127867377384803,77.745655373908264,6.5879611524901778,-97.664311383682076,0
171,1034.385348291129,1198.1538385054846,-294.65782650387359,-231.94605014453452,-24.352547525696973,46.286529089038879,0
172,687.70918224439072,322.79716951273338,28.708378439743171,-169.57155971855474,23.641874946631557,-108.26166752227738,0
173,1040.8262414751873,1032.1641592605488,381.99141339217374,27.479381270115692,-141.12054063713379,174.82471641743274,0
174,942.29033952580369,831.2434041104425,38.484101159668285,75.526603794305814,-153.95783862039337,-113.94875033661503,0
175,1287.2383927747032,1134.9224648720256,341.25829743622126,18.217546267985117,89.599373343281357,149.47444623743033,0
176,2430.374417106832,344.29392574077559,405.82287232534793,-12.391638218703637,-21.513985966942556,162.25848122151731,0
177,1456.6430342415683,1316.9609051219445,-329.5052282949697,-123.95240470294543,-24.879129631982728,-74.74395272267077,0
178,1099.7179566346617,1242.98319442708,-366.80265618852803,-184.70363389630413,-91.466038080305694,-30.017229409557952,0
179,1378.7371867169381,286.20310416920893,276.98194414178943,25.996970869897524,125.82994711274728,-164.32792674798208,0
180,859.3695466330322,609.35901770666453,-337.8385270591408,38.263588321222016,-77.792255034029907,207.24973531378453,0
181,985.96956929438511,159.25711631202478,-411.45465806593546,-68.127693406364017,227.48851908046643,-23.613799688889902,0
182,92.978515011489861,1003.3796193539938,-423.16890670926205,230.49548574144066,-43.821336237215192,-47.237522343180018,0
183,947.47965882641574,608.56152324764184,-109.65018849179199,105.11862786236813,11.581844937949706,128.18141586492337,0
184,1769.7903982429925,780.79463273397369,135.69636475455832,-112.27906417817341,44.578076033022533,-31.732916391376502,0
185,155.83947734387144,769.50690672031317,-468.35211826285473,68.756425773833712,-126.3548119349831,-0.43313336309344691,0
186,528.88902133467559,1174.133242521614,415.71758131313902,119.02401848946658,-193.3925945623287,52.137019562286277,0
187,1838.0233965390012,1211.9612760865314,-235.17212231358468,-62.606281876823012,-98.826874419054164,53.965662127604297,0
188,2375.0062211553345,298.1013869306841,-190.51748528676933,89.379217095970375,49.048471629392779,160.15880091489473,0
189,634.73979737270656,1278.7734711714331,-194.01120184604315,-217.91061816576536,54.457506000552733,-48.846644350469184,0
190,204.12780853665413,81.559652645404952,461.06911539773796,-27.257834208301144,51.083087484783995,201.13765092126584,0
191,1304.8782651157146,236.96095187890711,284.03560630674963,157.53350653793186,-84.119782472052904,91.831154185037875,0
192,2232.372887174733,825.86628144047006,-471.0113177492097,-103.09060565458718,-14.230934899565671,-151.73304563534262,0
193,472.44385235720853,41.667524576570635,239.83211045262294,-63.933106107532609,-76.517305359028171,-200.95489799928032,0
194,1675.9046438010507,133.88525153300867,-301.91527902880921,-124.02372778262634,60.979466635706174,117.72110596495797,0
195,304.58994532582767,874.94643302842542,-23.042887481771118,-95.388169763701754,85.126797827661179,55.651916801045076,0
196,1472.5749627375576,246.7713606927602,-426.04429706802392,-137.48891592282942,122.08407425780202,-81.563282894370943,0
197,199.53717891920479,576.94363312499024,-199.14935599331,112.91641440484672,-46.747281322843911,-59.527249538330807,0
198,1421.8409563788614,386.18404997949278,81.33885226570294,145.56390241946201,35.074394609141123,-95.391923771671216,0
199,747.10357530273507,1337.2999714325604,-264.50732835531539,46.46344082628071,81.046999152569242,-219.38143466448443,0
200,371.67542648466878,555.47705302292604,63.204358664091728,-71.228898404624218,90.784390119454258,105.25689230963935,0
201,2357.3482808084855,823.72866214373039,273.31129181892504,-192.25341319331457,-9.5388148213748849,-11.289272860531048,0
202,1753.313850162647,577.57483708489565,-342.13047566471869,33.768004386361241,-213.88196142611386,-17.017926404665829,0
203,1413.6278258975387,1222.0630981807622,-264.7198008727828,-103.7404860243421,-115.91136597671667,-61.408251472910528,0
204,1841.7685098187656,67.167068666088213,213.02476901041734,-61.276585958807921,-89.992104808845482,57.826590543012209,0
205,433.38842584900397,1346.3202530627771,-178.62914502498046,194.90254305125214,86.63599991124039,83.554807189687423,0
206,2011.0434466742397,800.08119435325375,184.11704863107241,114.67269751781738,-31.896402730125871,-49.394710447437006,0
207,2168.0691996183814,1085.9360895692494,46.457260567284379,-152.04168385550287,92.655761636356729,76.419457727451089,0
208,1324.7717406077406,150.49072234055825,-116.76434087609636,53.84404077918569,-175.97330948044805,-57.211013774469478,0
209,1455.5790863494155,147.18091800568556,311.77065108280476,111.05784649565706,-182.65846895037132,-26.668863885971376,0
210,944.38657374342506,1245.1687292957515,-67.277904912942972,12.065257264496426,-89.859865299356017,-95.421844899228347,0
211,970.67805944261022,928.28424496961941,319.62594197380236,-106.75341191210966,103.4326676433494,-149.22210334744616,0
212,2025.9958921887057,169.85484690757411,-410.7831960985298,-171.98054150346795,-13.105792045395766,65.282214313321063,0
213,2223.1911031165896,1414.6926064221689,-26.686086765209211,76.768666116474691,33.708345806830891,-101.82931900698935,0
214,2310.0686370510484,36.507173077030934,-172.20016338045593,-12.490626550639922,-210.84124778821726,-3.3555390776998455,0
215,2269.5229030771702,1374.4325388614691,274.76546427176982,-162.11128967414308,-71.005709782086157,-81.48554020255655,0
216,1819.0720194018163,38.959119278002582,-371.4323460822643,-117.83921557345039,65.57701995538082,-114.38975591687185,0
217,2175.2198299184865,186.33057264836441,187.3354906447845,-139.30706749287364,-32.241803299000203,-27.771705093873287,0
218,1613.7575433160594,737.85411494834784,65.158776139954171,150.6248160812988,167.93808885818646,-36.085827200999304,0
219,2359.3959810782108,1255.8438238286103,-396.96643451504019,-21.031285349822923,107.67750249703155,-106.90798925193509,0
220,418.22707925107557,301.96409238527025,302.10111845068536,27.479042238296707,-203.97254042174617,67.503466972350054,0
221,420.12959109460371,1238.3698370079051,-405.60150922462003,-39.09396208735798,172.13370263894305,-103.5984396479934,0
222,1348.7848855371701,742.41218425144086,191.89136548358022,73.433366496088709,-113.88160034618294,-73.579108612167587,0
223,1873.2175108073798,1011.4155435429969,34.812090253744032,-147.04798020282735,28.052167588756955,79.003161553417115,0
224,335.22580373410079,1269.6020756179737,-450.65827979487062,68.723928258841752,-24.911685525182229,103.31383420085265,0
225,673.96692972589051,1244.0202624824897,82.733258753487803,-102.28536867265653,23.568783514554443,-142.19109244107239,0
226,1564.3326116236613,904.87114276360683,237.50891683339569,41.981182231970408,129.39999488844413,33.537557083974733,0
227,799.93553511394089,348.20901192032068,-199.46501453192246,-43.59337756764193,42.285986595968893,107.17172006193763,0
228,1173.4480905971652,1330.098797023303,27.771256093388047,-187.8470307959762,-11.713330419415723,-61.857922191005578,0
229,2345.4838919154881,205.87672599316232,-473.19754603227904,-97.356266070272511,96.323113451157681,-97.790180687306616,0
230,2080.2152063309959,110.02063308312897,213.65611908401388,-74.749167793328695,37.476589079035399,112.05530185828447,0
231,1473.5149907469561,877.86171712503835,18.52117648235361,104.28171465250004,137.976516053322,46.97671401983186,0
232,297.45442095114481,1229.6171299957748,-279.79580878127376,-34.131075362495665,92.03610048371975,-125.08170211262379,0
233,215.653824548817,411.35394206977253,-262.75555579090133,92.387986551497562,145.39618408825655,-90.634558027773849,0
234,1451.3641047789852,690.91947655197544,-472.07816317450386,88.615541182279856,57.257384503237056,60.853006843513974,0
235,1760.3175713151252,484.52329965771963,-195.79379055882026,-167.44135747386801,-151.97848695279117,16.807575415527388,0
236,1737.0919215964645,1228.5138418344602,-73.842873791035231,-139.83416844307865,-11.597609312166071,-53.023948917684152,0
237,1116.4313526105168,67.693762692143551,-355.4366435911918,-163.19795304561381,-19.61037742096039,-38.098759589444747,0
238,801.23901427530097,1077.3495713629884,-28.246716618376183,20.975337720514453,-68.458765830599717,-171.63398575959698,0
239,1943.3801984792099,699.07535308280239,-305.2007959082365,88.112866754914265,-159.48196737163872,-44.891506770161541,0
240,2191.5080783584654,685.87402271546648,125.18821911708005,-163.47653266467867,9.6608937059567186,-3.1193134312495046,0
241,1395.3075470461529,35.081957325728283,252.30967452242965,36.06775602027934,-55.704072931873782,-126.77334346406651,0
242,1374.0487642388002,138.04124005967759,349.62225640228041,-70.276636626298412,-185.03019286063287,25.297110470674383,0
243,1197.8241625134415,561.16881698358748,-142.27287150336593,-91.929633832123187,80.981201949700093,-102.26829704634089,0
244,1983.1886206992735,126.57789263994708,-61.631532950137171,-96.684012944373094,123.69101016106787,-72.610217335512431,0
245,2436.0607411944338,487.25061614516312,-62.594987109976728,2.9041473624794616,23.840555231914021,-178.81736864545698,0
246,958.27870387555936,1397.6006049687105,-278.83046136558153,-98.995306175400003,-108.1762768993716,94.846034761868907,0
247,1741.7107974623027,862.69318998229642,85.101043969106172,74.598032818602249,-188.58643318571333,-62.952746559887011,0
248,2152.3910434738241,516.69683601698966,-319.22775839434718,85.887996979576613,-90.475048485718432,-76.911925727388308,0
249,1854.7778154061859,204.75849497298668,478.12613464755907,91.744924827869212,-129.86217353431471,12.883968372412239,0
250,1551.6933580096916,91.318535943260017,-217.22851672956102,21.593397669033866,186.84165747461856,18.811922414536653,0
251,2231.7665708303139,774.86756167470776,-437.41193091530448,72.262933590752596,-124.30940660996417,107.89452806001876,0
252,52.838255306475098,713.96132365678568,-97.587724392825976,142.79475903236374,155.91704537820374,93.279851719682569,0
253,1931.9669086939366,1044.0109761651511,173.41677672134961,4.9288005040686746,-55.970331721919045,111.2526802746038,0
254,1447.4120122203353,1414.6212252188227,10.062391187314006,88.978450706201869,-44.472227970200159,-97.980268155524101,0
255,2290.2680080950104,436.82222814325257,-170.77828957621796,115.7427234905529,169.63520833769024,43.392038469028414,0
256,1568.6116358257541,1058.9885109983475,-123.95138100435776,-75.128226993881498,83.01912062823375,150.6304443352187,0
257,672.84319028619495,1390.3070374351335,433.12072734252649,54.949811435488066,136.7428550592403,-151.05954539769462,0
258,2093.6591050427792,964.467283574627,253.14818175884147,110.36539298027211,58.890982964935823,-9.0596599260406858,0
259,102.65435065332383,505.55386377059585,281.35455539307384,87.505883756704378,-49.019616437340765,-117.17978739565285,0
260,2106.9290246494988,285.5716043757028,-382.63374699100041,-17.88383679891059,191.572501241509,140.49779121435623,0
261,1893.2471908792998,393.68016537125408,-44.965548443786986,-68.344466930990492,-198.50429826816389,-55.507841420823219,0
262,391.62355731271219,40.403456200821054,-93.62281131400897,-174.65490466546603,-86.562631535126073,29.630950826997687,0
263,2153.3667640411604,1172.6928540308554,153.17098364970138,-96.438219991775654,50.742776787039148,111.96153834257825,0
264,1244.1169102291021,726.54994891900856,-71.359010567569555,26.873460675363511,-57.058492864101012,-126.41871567620788,0
265,2415.0081049814403,413.20449323798164,-457.70201589235347,71.519936648344597,71.390442520912003,128.1812541752202,0
266,1845.2289619059591,1001.7278218559551,-198.39668648587485,137.95198394180312,-78.89164299515727,-136.29927344470681,0
267,94.460696379123149,631.18064972642208,405.4084357138205,-208.91183780476428,-13.839705635625354,51.545419676478971,0
268,1389.7534666591071,800.07747479158616,-394.03941211324326,-138.41798436701418,4.8044161100759846,-132.04580644117351,0
269,2430.902889714082,1142.3497357253318,23.279622715098867,190.54996237993328,-44.265621708218525,-118.82132339346003,0
270,1495.7125660593395,962.27977469490133,38.116661628161751,-164.89277912305261,43.172881556883283,107.32718199549853,0
271,760.82261109266869,695.74814229761114,-356.0156754104172,135.621284349078,-114.91098333662751,-10.552870253552319,0
272,1329.7080643314173,1452.7382042695883,416.75914123795917,53.990826603744857,-22.33450712279059,-140.04636553613247,0
273,1438.3757369085715,71.35200460405666,-249.0072422461501,-160.71547436027527,25.648077834316897,79.142315633908183,0
274,1399.0450042178945,89.590720671295173,344.79595868746242,131.83475815886629,-111.12954428649849,-53.286456871063216,0
275,158.98587125633634,223.68034608524565,470.37545814605664,85.142472137492547,-102.35401308841138,-50.876960046834071,0
276,2138.8931001890055,1443.1898431001368,-385.80658728458047,-167.82768235432337,25.069251344700128,58.486125469570226,0
277,599.71666285481115,648.94887326810181,116.99708331010117,-55.953612492814344,144.81186587670084,-60.487823211066825,0
278,629.17835041902572,403.36163428026896,-355.55420900121851,42.531232978496945,-4.6331120071813823,193.65597087791056,0
279,1080.1169217439717,442.62585293050932,-205.6080749783851,-20.575998175773854,202.06684783649942,49.119764372376125,0
280,268.02168713496417,1117.0164089784296,137.83266674720323,70.559633430457481,-115.38785651139315,-11.614770001150767,0
281,1037.3922409307233,1314.6285790110169,-198.66191831182516,112.74850612956146,95.966068758772479,38.929368563771469,0
282,1312.9941938939266,330.48495699838287,40.765640310934714,175.8541796253304,29.018679817374892,49.494345253207335,0
283,2285.5744413153711,755.18712388275446,41.440968377698482,-118.46515499358816,-165.07436083091767,90.552309537920181,0
284,1282.662978622245,137.44801592392753,459.78615088152276,58.680925833559371,5.9961154949206348,-209.25503760937588,0
285,2320.2081945049263,1407.5346214270746,358.37095550901427,133.43194043472266,60.689383925909013,23.900266886948383,0
286,1021.8570147349576,1224.2767830282348,-394.16583388926728,-23.898608037156098,116.9668270005557,118.54799753966822,0
287,1683.0126981162284,1058.453813734739,-93.367762624247405,92.002854725862974,125.2922678323842,-86.241823475682693,0
288,2411.8926422526156,450.59743814508209,-241.41601257052406,12.537913077402408,174.6698918687477,-6.1893620182555633,0
289,610.55142030554043,899.02419275295813,-404.41203916839652,188.84037859810448,-103.63261826373824,50.98520069677388,0
290,1880.4914116653217,1012.4059407561067,50.416222568399121,-116.68226269221132,-95.218976344468089,6.8911696258203801,0
291,2150.3263033196467,1074.2390989200574,-401.75337275604454,116.06659855287592,-63.100681734946185,4.4203002147748238,0
292,2087.0985134531957,1466.2886467385974,273.94389105612186,49.066186355377326,203.26292230892176,-50.942122246931582,0
293,410.16865258648687,897.32953569817391,194.86159129526277,-41.371642416416734,-229.05744765588179,28.376377940674281,0
294,2067.763060853189,706.53177090864392,408.61905401315585,56.881114832402965,87.878706322423028,88.235731389604467,0
295,1796.094712208986,1216.2630066709228,-360.95447797515288,-119.61518237668969,-65.489276575369161,24.669985027084916,0
296,1811.2533313366232,1402.5840242932188,-115.35740704543531,-17.953374558288754,4.1535551564202198,148.3768207030634,0
297,1384.9566478019512,1121.403857774575,-436.1290763559623,76.18821467132139,126.78136084543648,-31.258295842242141,0
298,964.33702413383321,1401.9047802166669,-318.53835553969805,32.610252485180773,-201.78240137561107,-84.225516064274117,0
299,1673.9495449842061,84.916518858577007,253.83952154762858,-125.52272372597194,-132.51369017593731,102.16974782269202,0
300,1921.784299544664,463.97566670930917,-459.77186355577214,-73.204886543865001,-150.89854581038543,51.676662098066082,0
301,2239.9918881349354,96.76703243219589,148.43649271035974,7.3386973161102604,157.86308742495387,100.13558067676558,0
302,546.18566632809836,1469.1733697856066,253.6054618980761,43.670078084719904,184.11040673589969,-146.28623661334424,0
303,1894.6228394075085,896.20449356902611,-476.5589808515237,-14.189868683827925,81.548300854488232,-216.03232602114605,0
304,978.65530630285434,1231.9932381834376,135.33632372048885,-3.1923053590942025,199.45062992645768,-66.831183524541885,0
305,457.80047375731863,642.22928901331727,237.75487626828146,19.934024500471448,-162.37007422718858,-86.548528836116773,0
306,760.60304905446606,642.26034192995132,165.36210706129486,-120.58896446148844,17.904459586455928,96.307360868201357,0
307,213.44081000904629,376.02462517274472,122.75978820693672,1.7774184766513634,-182.40563334910246,-1.6066162406668227,0
308,1467.2321781722735,1261.5627005400356,-49.542251848394869,-98.044216336657982,-98.803524384492093,148.7910872455482,0
309,1692.61233299126,340.1547187615127,-255.1242006748266,218.66763364272865,81.052656129322642,-10.079409034810658,0
310,1548.982220458854,1166.9982591306884,303.15398825711418,-95.822973653587184,27.906362044389365,103.93360266744507,0
311,272.32288576129872,283.24399766270562,-473.59881492803669,-64.182292973380342,-105.2459785095491,91.691692779663242,0
312,1027.2095090809012,771.81754749413176,2.4007607211801769,-163.4247785932067,26.195919991931731,74.161879077369861,0
313,2139.7921282095458,123.47780462152936,181.54695924240946,11.857257237422935,-81.495203747618518,147.19907281561291,0
314,808.9111981180273,485.78057629462614,314.61335869330992,41.413936015325199,194.94276623524573,7.6017647941522526,0
315,1806.5276879589462,1007.0996713400932,287.7266591321395,38.493337791455914,77.817396433811339,148.96107456251491,0
316,615.85482713108922,442.02708040736781,95.340722987900222,16.367008010843431,-196.45041492356265,-86.398391173157023,0
317,663.63950125388328,54.922803571245204,457.26911762536258,103.52231609668588,176.19130565181678,-39.705226514811713,0
318,389.49712542220004,329.52800790420383,198.61948733739018,20.493520116000752,-158.338855441021,7.1612876073587328,0
319,1049.3414224536095,993.97033821689774,290.85670281765294,-43.110439839276161,112.63537599524581,48.172314135742035,0
320,244.2066782780748,640.71742324291222,394.71421468531537,-98.498098077282776,122.86517595260874,-96.492492500011167,0
321,1762.9397767587288,655.39434850547445,80.837941476250535,-109.95195652378354,-23.373237486397723,-125.80410536665997,0
322,1775.3427285166101,848.51118730235066,447.66867925485383,50.617735234895349,-78.389739119512797,-156.36759955247055,0
323,70.283870315968699,746.85493310916161,-202.09626439373022,87.709398832088368,-86.171783939083184,3.1487923242028866,0
324,1143.5738918108605,460.02552549681428,333.82768284827364,0.60144425809149837,87.865273533808718,144.66225866718091,0
325,1400.2458102708715,1220.1136003627157,73.499833920398714,98.487770443559356,125.42152043836441,122.51744229062351,0
326,756.54609922194265,637.65889751627242,-237.69755903289291,-85.363139291625075,109.52458609447442,-113.66144937749151,0
327,2355.7628345937251,221.77676434107744,-43.630779368370668,2.268000496223185,-123.01941270018325,-63.112665020359451,0
328,1438.4555052160299,381.57968325439009,198.28959813071754,90.762608815369532,180.01344445082194,46.773763798834302,0
329,2262.9469380201695,869.9939814313592,82.129391047821741,-1.1610905962147093,-0.037413670951148191,172.72210440555082,0
330,1535.4156980829766,1142.7421330702573,216.50234248618358,-183.90975564272802,115.531140284614,-37.505398491123188,0
331,962.74478510128131,1146.9439813925308,-233.22520290885723,75.672426782582576,127.09391487054229,-29.220914819740411,0
332,2202.197475801976,1283.6336474950956,336.30158270529569,153.54970508820566,26.087701343986403,60.3581723666531,0
333,1659.1369715149872,1271.4218437437901,-185.69914329259365,17.728804440376894,90.394700663934145,-84.967650586324041,0
334,1985.4116036168959,683.69028594784902,-113.48077862054384,26.723857353673321,192.39596152471947,27.672299313896488,0
335,890.72282953611716,1029.6040715158047,339.3324864700478,9.8932150875521412,127.02853995171101,-72.619245550572856,0
336,76.543093039634442,318.11577776003509,256.81408254855012,-169.90516232744599,-15.994888644008588,-17.761054488325737,0
337,2099.0534954235213,456.50649385398521,2.4245714954650452,58.010738090603631,111.77149542438042,-82.056421664056742,0
338,273.76457507407986,372.12121147869988,-474.12128540817025,-205.56795789546752,27.333644426800756,95.422990401280913,0
339,529.60533020956984,1049.7157501829538,361.98546230431702,-116.1123186898111,97.521995209285521,-47.102563726315786,0
340,2259.063076134893,1327.4929151360946,-181.73742711698929,116.67129794678792,18.525210693148935,108.24273583471792,0
341,1088.2052916979055,937.35218830124825,-474.85118752591205,188.01354066163307,46.262001301492845,1.7615678564029016,0
342,94.311758154085567,264.5718811927054,105.45782388661848,-118.30284624155345,115.69132634511101,4.1262455512452583,0
343,293.7199538799714,176.61404233702152,132.74126028489752,136.53696621929984,104.76455534969941,-129.35173714795269,0
344,1846.4205018835366,1178.6300223586545,241.21095413590399,-146.36981905355191,137.31393373383301,114.30347027729394,0
345,2123.535919842267,770.80770637900685,-440.40492970599917,-110.50515758232162,-33.255669569509578,78.176000660086984,0
346,1491.8144030948615,428.19699515623415,260.7862441959735,171.84260712169774,-62.419129215590807,-73.456147776020501,0
347,2149.6840563677797,211.96366423760423,363.97565929315658,121.19767825938641,-40.037970053430804,88.095038342176437,0
348,1795.303199235974,974.35624767917454,14.452216766904598,-155.94312201320452,-17.53591671375813,112.84369177245738,0
349,1576.2108302096667,558.53130520176455,103.15903395502505,150.31651186081356,52.060717442375577,39.811864625200421,0
350,2235.6577381582438,992.27527943790699,-470.48123031497585,-68.833730563060158,-102.17086957094516,-126.94898349862744,0
351,1415.5866321407689,1281.6436224702904,361.52889530186008,37.158201875524867,-215.50575181500841,-59.045970530952864,0
352,1013.6399091285072,1159.8949003027856,295.39527615015129,-20.147325079677628,-91.151476765370674,-218.60374653481512,0
353,972.75852497020014,1030.6798381408839,138.98735067668747,4.0005411082252058,6.9995576837199023,178.84292780166015,0
354,2411.0565664143055,982.36878069430202,226.49206635781968,170.17589837115295,2.9665523479522888,9.5301559711504371,0
355,2412.6869420988369,566.67045830887832,353.35336149425461,-76.003866078232861,-36.339777539049763,108.60108199880649,0
356,369.43762332682371,72.96133624536894,242.84853688385249,-44.205847529896296,88.010388573552802,-75.982802624464156,0
357,811.64745409148384,1323.5046326458125,236.14297007740436,185.85413138184117,-46.798236670157358,-114.29430626407665,0
358,1142.0201710685476,339.55186126014098,113.66513323203753,-182.05435173074727,-129.71561802822362,-32.556885619823078,0
359,803.1659867248012,144.333443518156,34.540556044546179,-157.97794085573835,67.366955339735838,1.911276366307783,0
360,1065.9989149541507,113.97077145295641,-112.1962195029995,-133.39230328675839,11.145932429126944,-111.78560355987507,0
361,2210.8232268194438,701.0653609979322,152.8147759769073,-59.567324935291929,98.415860492755442,-86.485688844317835,0
362,1270.0989407091879,785.20710472356996,347.05488143872049,179.28967805950629,73.824083058312254,-18.585112722486716,0
363,414.83330740406524,1026.269586638618,366.5235282988167,-133.72235248200769,-65.911962856830129,95.94816086136683,0
364,1637.0156024276896,415.13367828387743,360.58397158570187,142.84003485641767,139.67931981390916,29.303201840465132,0
365,1814.7979892929559,184.26194360205915,311.9183514518495,43.012109051339131,14.791578059168378,118.41862983547617,0
366,556.72829750105279,475.55982245583152,-249.94094860560742,65.333214693451211,-20.36308505125994,115.47773421051741,0
367,1607.6238976335917,593.41373612218604,-102.19334685010807,85.366815833116519,-78.931351126209421,103.22995996480051,0
368,1530.7456244393184,113.07164810210098,-373.04600802293783,-13.63769978092963,-146.25169996991232,164.54977800891501,0
369,805.66266325381366,1285.9780760766412,-61.211287154271076,144.47803203250766,125.37870470033974,-43.876583068617876,0
370,1387.4384481229872,158.95038047711566,2.3451787946669924,-18.629391392136707,73.926490020531745,-155.5904186870286,0
371,489.92653498630256,515.00598843373268,149.00901250967775,49.206433377079378,181.366878887426,-55.674807311493502,0
372,453.56741769259474,1422.4324657722223,452.76706106168967,82.225007729538447,116.39007139343192,-124.07743322120355,0
373,129.73262135951055,743.73601559090162,-196.70363951604253,203.06640171160558,-38.336801816059257,-56.11415083496059,0
374,1930.7549235844599,1347.2828524260083,-436.74716635951711,55.099285471318844,47.03105127968972,-124.22290878709175,0
375,828.60932247440462,243.71411607850513,-409.83933619032189,-37.541616758787235,183.19358558556709,-106.50776964618804,0
376,1873.0870937229977,792.31640060680058,-75.604816787312643,210.19212522028053,29.458949036362693,34.433179029442044,0
377,1509.6896757406025,935.62532914597364,-122.25352740702647,-46.672902958823876,22.602367883667043,153.49257851221137,0
378,1598.7355640949706,1098.1957481884517,-471.71497963978555,-114.68225164771368,-112.90455810702815,12.951390532729064,0
379,2257.1091302406803,952.13498641444789,263.94125713445533,135.84274025798962,6.2427554852922427,46.014313627499313,0
380,1867.694437182874,498.19317986897266,-299.67063514725646,-39.403126649340216,100.06709575265089,-63.707493881336617,0
381,701.04404504996933,968.20656990259033,132.26836015586412,25.920434821002541,188.32333818053351,91.443392776663629,0
382,1230.3755672598727,231.00121758666597,-126.13530562473653,176.73910134146291,-61.991553673842937,-92.625309692004407,0
383,1014.041237845668,310.07328484654727,-453.02667328142206,57.520902284873785,-114.92018996410407,78.458040707272446,0
384,691.44486913766752,1323.1105869323571,322.97775255545537,-26.50902587996352,-89.807913594915263,-133.31271009193702,0
385,1784.8009448244177,381.8004652619116,350.05398187445735,-30.683050361106503,45.655320117709365,115.55917060260252,0
386,1210.3901968781604,1427.4360182395935,-263.30887444329949,-145.77843318280122,27.463412584263803,-5.1176573502657572,0
387,1377.435139090371,71.145256040235154,329.12731758664586,-40.060277495337175,139.30293388024515,55.523086296725971,0
388,759.37923169965825,1175.0813542130209,-89.755977780624676,-169.02009518213788,142.89217989991985,87.21925612087,0
389,294.48627530163742,245.66893965639272,-420.7184798952382,2.5397250178421364,-82.202912928410868,-209.40198173332871,0
390,2436.526434155508,670.81609129005358,-456.81937651392332,168.41107850934176,74.01309880725853,-61.054546777627579,0
391,144.39635447076182,1391.0872674491902,341.07842262250699,-148.38113097174011,3.6692945009333662,-114.08349973001069,0
392,532.45650680479378,447.08963673924728,-93.905055604698475,-118.0843296814808,-71.066920013928538,-49.740313544225749,0
393,234.1213691350504,151.62437923108266,212.81934152741189,4.4022396863693505,-153.94912408754169,-154.89564306545734,0
394,325.66065269179126,1097.5387728867813,286.68021235868946,-80.544239912709259,-190.63971519306193,-52.103396979915146,0
395,1363.7382747219108,401.40842626311553,40.947715883293199,-82.669423826925126,119.97729449136463,160.96525288158449,0
396,423.1521038147402,1066.21431088896,-419.6551696749134,-31.87511552324456,-45.213540180010241,151.07034481205901,0
397,1188.9449622844081,891.47171404117569,-472.77230477378589,88.525230813560341,-148.03804822758727,26.792294839986848,0
398,1790.66811792822,312.84712546407491,4.1023882465860879,-114.58940149833168,190.08557053086355,19.586542313730064,0
399,763.05297484803634,1251.5769086725963,-132.35467268332354,-160.81770750076043,97.924315134504099,-17.352584045215089,0
400,2077.0766881349487,739.03835667767805,-313.24973121259529,-117.71682976063724,-62.601313987917401,138.96314126071266,0
401,857.01961720135989,1385.588468414199,-385.38687994401494,-117.93028378280536,-29.034999423830079,-37.633294810971456,0
402,1888.655913755181,1112.2347933895107,-450.49666705492098,53.141819824285413,118.15838240867595,43.901575956039466,0
403,1754.9223418837337,373.98787750306712,429.86851816226545,74.080040662060156,-10.34591536814011,-204.42547255524136,0
404,2301.370327598082,551.48918211306602,177.21199857956378,-62.647258987047543,68.423002735628799,128.44412411217462,0
405,1025.1526916287389,1033.9262047882191,37.888471747239919,-109.38685320293273,-104.18386013589475,-103.02390942727958,0
406,1748.0691580191051,316.2405537604659,-0.1846720498143668,-102.26518801629351,-79.328555890821377,-66.933829566941085,0
407,1669.7977370747271,500.7621238989023,-459.06249361603238,9.442016653998774,-67.260446129641139,-150.53484626060779,0
408,2302.3022759847236,419.54927699594759,435.35066019533758,-26.302687720037994,3.2070588014729902,-142.3082701428809,0
409,1208.5999478363271,955.16743015870304,-479.99299020478321,-39.425499575201634,-179.99658621270501,52.463314295861821,0
410,741.80318263305458,1119.8053957968791,-371.34004069635569,2.692841278634285,118.21668712267943,-79.381360319972089,0
411,2253.0275672016701,991.99385206943464,-351.16961886496608,-14.140458589014086,-159.42002646197591,-118.06020950232156,0
412,2161.5923893829954,324.28517923072297,224.09564915303542,133.29443843880975,16.030715857845301,-54.309366216195464,0
413,2173.8598726317296,1277.3737352784692,241.25353834409657,-31.611718598483264,74.601974152963649,-182.37063959466747,0
414,1511.4657018724297,772.34902915917189,-392.67832398226966,-41.640965120775448,149.185718442579,-92.756568875973485,0
415,1797.5842308689816,383.69968905357723,81.167553593708135,-143.45113145175682,-79.680385115646146,-4.4031259404348786,0
416,264.26624854299018,156.62057925114217,52.581764125198788,146.08678757987522,37.177033387580593,-57.116104711736909,0
417,1820.1642169227437,401.58030628969487,-329.2908272369948,173.09800064239357,-25.931173315363928,160.69264577377191,0
418,675.34381991878513,823.3855780686182,-164.59238821986713,136.25680876177668,45.048641546234634,24.918296508913343,0
419,2037.6335732846876,1069.1176759105622,77.186963029615981,130.10530362321529,-65.14053040838013,50.346613791943923,0
420,2093.9648727712242,1410.0307560271135,100.61421130405392,60.385797247747824,-97.94359832389361,179.90972219244648,0
421,1476.5137048519921,913.51557516832816,446.86609139993402,-26.470105955727856,-55.392359840188689,-209.01841118323696,0
422,720.54030034139532,953.65239272104964,260.28029611749025,37.067366650017917,-173.13849928622676,-80.130670007734267,0
423,492.27439735968005,172.05521887866885,78.801883431656847,-165.25156509667949,121.05087573129856,100.33205067356747,0
424,88.604398752588423,876.9389621613152,-134.77598802787173,114.96093433751798,-104.28412429150524,-166.81087117360138,0
425,201.99864584420624,423.03422059309958,-6.2057738638627029,48.129641139560633,118.95974878490395,87.253097911569853,0
426,331.90387757174034,1405.5616977606564,-216.5300605056899,-105.82654005421408,36.14537012660228,156.38082471163705,0
427,753.22714835213378,413.2756227574709,-375.03671642341311,121.25680062036774,48.778640774990052,140.02444582802144,0
428,850.06511562829428,1235.1023730526567,436.8658543413419,-67.700471209519364,-202.99651314004188,95.190040358729831,0
429,1118.7946771015015,228.98062731187653,57.154167475175313,-91.92829917017302,131.96986464869065,-126.02237771610677,0
430,860.73211755480156,1432.8577058099236,202.5500911378208,20.933863836643116,156.85378614882657,-83.340161946047004,0
431,2325.5807363642557,267.10538821593343,155.07445023402033,133.96690254925076,-118.16166451384692,81.346213870359648,0
432,2396.9200820574179,877.24125909388886,-23.640505971738492,-64.548171361287416,92.522948563020478,-155.26492483813837,0
433,1579.3172974569134,1096.7986067285453,417.88442014569205,-170.58298998078243,87.584500675155041,67.63734109780161,0
434,497.30192056254464,506.83891531768779,53.173161736902898,-32.904039041683802,150.33882339830592,82.688849623961048,0
435,743.06707999557818,864.69915650215432,390.28171562296598,58.806564421371192,-92.101587630526936,-119.47538211658714,0
436,1953.7936217415224,720.32420454694898,333.68677729508238,-102.8499338307393,-108.04364715553119,136.05114943170437,0
437,2186.7393647395411,1005.1343915737267,459.57212189731297,46.170324506319005,110.28811726075061,-71.998151792020991,0
438,239.64548963119512,188.45144560187609,-297.60336294135362,-118.40227758603561,100.72810197313633,6.837576861584119,0
439,194.19204262241212,506.49958886252062,340.42827717006742,44.034282676765038,-139.22235272150223,-73.818187979526101,0
440,1557.60581116356,1286.9953218906051,-31.315482343195129,-87.933627158811433,122.33478344299817,-154.11839896682292,0
441,1283.388713347224,1037.4365542131668,-236.6873603407071,-2.7817507561132664,-18.507716068977658,-161.60358126147705,0
442,205.2776197088404,127.74697687746732,-57.787529529956089,62.447096971006388,-42.690290427309414,-169.01369751296781,0
443,149.36748811301078,1329.1819250512096,-98.449935746521362,158.3763202755535,-98.014655838854026,113.72102296237824,0
444,2234.5618537044274,746.38633209520617,-126.28650212622244,-151.81200905340455,5.0608520368417071,-90.222856216443105,0
445,248.17845863868212,1021.0364306706427,-433.4926426967798,187.40466949835093,-118.18235179884537,-24.652157946614341,0
446,1056.7942883133937,683.48999132171787,52.787558878850405,-82.596332265495121,-53.474932650079161,-147.47658033695592,0
447,1705.3711784203099,88.79019169293089,244.31236024401039,68.926682992350351,35.924300290885618,96.289387265555035,0
448,594.14345220254256,312.63470426662406,-355.22098812562308,57.672219477755526,62.205625531278294,-209.77989158834805,0
449,193.51663970531624,561.92146101086905,57.988707770450446,115.11058693017119,-0.88574200643553602,-42.88609181280011,0
450,710.28718167936461,839.62390309762532,137.73090499589273,38.109545395838119,33.058298210340404,108.99184840846563,0
451,1893.831022825967,783.61479421857166,-164.7810113466428,77.317660822692957,-159.36979560469811,-84.816188409774753,0
452,1381.1588069778713,224.43332430202906,-143.59676414304437,-89.989323591488471,99.249910292263863,-159.46218460850892,0
453,2267.7685048224007,350.1489131504751,-236.74561846862485,126.97146498784333,85.758415652294062,71.563692705626778,0
454,1135.2892753337574,1212.9628035323401,-3.1759587970518055,-119.63005248048252,-51.137490929075305,-73.87472130951511,0
455,1739.3037646197429,912.20879998959776,252.82318484479765,-144.18186426739487,-16.583349246861744,-1.8071143866758002,0
456,849.21434642845554,875.70090552268209,-41.393213057648438,98.19462522874538,185.88649137294206,-66.012033859997615,0
457,1115.4713556798608,838.72329627729493,-334.81827138034959,99.517072072888197,81.676491171060917,-41.060244054834079,0
458,575.41271994796512,221.12621152898689,373.55919786394111,14.009757481704719,-125.27211998033683,-96.748881294248434,0
459,596.02276575018379,1227.5659165724787,-305.88267954200791,114.37712238666654,89.044187035405344,19.937269471277201,0
460,1806.2262722762093,79.465953750353918,357.67363226120449,133.54199766974102,-76.255661843749252,30.232262501245678,0
461,1100.7076684378624,1144.6460246238753,58.334343291909931,-106.52150702983309,40.093362579965778,-115.51828202220494,0
462,1067.7196214521202,1109.4331887388594,-162.12766821042766,55.4942666524963,197.06142228382464,-110.87941224552566,0
463,1245.1477324762311,974.36654630656938,-390.18686221665445,162.13641679970104,142.29407684610891,15.489446154493777,0
464,2358.9804177783362,1326.2616155834421,-181.17167360264784,-0.38396697542005259,-148.35037823986312,-184.93060888895107,0
465,2018.7783524964768,1222.3201731488493,-143.94336616305833,-102.29754374199116,-76.142657893285175,-148.33141950451156,0
466,647.41530785332998,757.75294562463375,-66.745374567410579,91.820317427543984,-35.30150993826657,89.976110258987006,0
467,2337.733862247318,948.94736658633508,-210.48997606447409,-105.84413715939111,11.678496949695573,-124.35368398216042,0
468,1255.4057279116932,475.9446000796919,-390.22603199103651,96.155616020510848,61.723822347266911,97.058509100188104,0
469,2373.3158284443643,278.66095290408941,-67.675260635943687,-149.76550435295562,-58.613216138298611,76.265368251482784,0
470,607.0255221067988,815.8094015734091,361.53442570653988,36.15714274104166,-3.1882510615148849,177.31453205823686,0
471,270.64932934887958,1354.8868502839696,-58.273013686642912,-90.689917960452462,-18.721321228359098,98.965800987400669,0
472,1431.8740165524516,893.68791579750973,-61.556116090178421,159.2546652192955,114.77902048555434,-77.929538794441825,0
473,1935.7194573976144,474.54832814558415,-169.45607763342963,-181.87466273971538,105.38562568114189,50.182897570775474,0
474,1287.1409333337294,981.70138249200386,-312.11290276651812,-130.77654900278327,-85.77286173448779,-71.309477270501205,0
475,2359.2756660504265,1363.309922028579,-327.33788500618027,106.46814607440596,-84.541004803869953,-114.56596472318554,0
476,1615.4878727029582,253.56745928873562,-385.85387367882549,93.670416237991304,25.668727875783553,-171.11116640137718,0
477,1680.9207336465925,775.33845185630503,306.69908139002609,-55.917299280365583,152.69707852195839,52.354085520451861,0
478,634.25299692867713,874.51689302293289,-409.37941434631887,-118.90434678520634,12.489831280228607,25.260357638295005,0
479,1128.6170304629031,1381.2877735894597,-118.96095521484187,-95.3965004370679,-113.25389346562278,-91.811565057954411,0
480,1170.7596244859169,162.80416716415755,-51.521599149134204,-78.471073880936629,61.709938309480215,-143.91224355785357,0
481,2039.3687877336522,871.41020573707976,377.97824124485555,12.35591675495958,-158.53370128508868,19.746488217497632,0
482,277.20184176727389,166.81731585144371,-338.57626777015651,28.095761070351788,85.598555571505145,194.54458191326151,0
483,604.93936038915638,72.740916870013038,249.76692951057919,-98.849270879320869,65.11245481333917,-179.41295322709678,0
484,2405.2921633130572,404.83344804135493,435.06166843900996,-53.307851541970905,11.473540218458561,139.10265571295588,0
485,1564.7652190410367,1200.0552791980551,222.28640928566278,-95.633942362846568,31.687086426618649,-70.839819804380483,0
486,1724.4216013844614,633.57805017866667,-446.49011937094889,-162.47643304238011,92.052511718043448,-121.38261178205727,0
487,393.37107267973619,1337.0781462750936,-70.192167850698979,69.816152429063294,208.04618924063698,66.125109248034093,0
488,2116.0235401491746,1297.1231998646599,-145.03873422988465,68.474398115821614,-16.15406815586088,107.77182309694626,0
489,688.61752349363087,126.36434403758531,220.02932304780109,87.630499365136117,24.546926848950658,-114.4912382715507,0
490,2078.9287466853916,778.29825949638303,57.97848837251388,44.942685494615127,-114.7031544272638,80.257049585472984,0
491,1273.3840139538277,517.05441409395098,-364.18357395561259,72.156095749423329,68.002712746876682,-92.796887006714087,0
492,661.71531600263882,780.34365873504169,-189.56811743519899,86.106652195002127,-151.10083483893476,120.94785231708315,0
493,184.19916719047984,1385.0523886968033,-247.39260745421836,102.67085112587223,143.50972793697579,77.909416415712613,0
494,283.87273799832781,770.95048480832418,159.5003129532638,-40.310643124417375,17.382775163362169,-199.28915047025254,0
495,342.31380256188487,771.31117454347964,-368.06596235761884,127.94540975560287,175.19288368182308,-10.088363904583716,0
496,94.570663535102227,320.77435232860108,-352.52146388514751,41.073303247469347,200.18172952620819,111.92376874681125,0
497,1967.1559879271745,1157.6577377982201,357.68998334637195,-112.26075587591228,-113.9273769063529,-160.49131474515582,0
498,1414.3617674072821,1145.1289759238189,-209.62313612158505,161.65226790418487,-2.1428468373217386,57.665126624165218,0
499,937.74043586308721,1416.1054883142547,127.31397146616325,-194.89966214205973,20.739009238399174,58.162018478599954,0
500,1126.9796841480932,1272.7039137112108,-186.99786724619918,-187.06440900602618,76.655595981742636,31.538798164311689,0
